age,revenu_mensuel,montant_pret,duree_pret_mois,taux_interet,nb_emprunts_anterieurs,ratio_endettement,score_historique,situation_familiale,secteur_activite,garantie,defaut
60,447234,23789643,111,13.11,0,0.4792,556,marié,agriculture,oui,0
50,61302,36958065,94,9.59,3,6.4137,525,marié,agriculture,oui,1
36,379650,22989029,82,5.63,1,0.7385,449,marié,agriculture,oui,0
64,91157,2440369,75,3.4,2,0.3569,577,marié,industrie,oui,0
29,104917,42181557,49,5.58,4,8.205,368,marié,agriculture,non,1
42,273810,18494276,78,7.99,1,0.866,506,marié,agriculture,oui,0
60,146646,48726615,50,12.12,4,6.6455,482,célibataire,btp,non,1
40,395266,26455176,105,5.25,0,0.6374,551,marié,agriculture,oui,0
44,336663,38733146,61,11.64,3,1.8861,553,célibataire,industrie,oui,0
32,393054,42164130,112,13.4,3,0.9578,670,célibataire,commerce,non,0
32,432574,15109307,89,8.45,5,0.3925,733,célibataire,industrie,oui,0
45,383468,36376898,87,12.86,2,1.0904,463,marié,services,oui,0
57,317552,8278748,112,9.66,3,0.2328,774,célibataire,btp,oui,0
61,109379,42154364,62,10.65,0,6.2161,497,marié,btp,oui,1
45,75053,2446830,26,9.32,2,1.2539,592,marié,agriculture,oui,0
24,452662,33497728,73,8.56,1,1.0137,626,célibataire,agriculture,non,0
43,181994,41293419,55,5.82,3,4.1254,819,célibataire,commerce,non,0
23,148723,10457168,38,6.64,2,1.8503,520,célibataire,services,non,0
45,101356,38714493,96,6.48,0,3.9788,395,marié,industrie,oui,1
65,322933,33380340,12,9.76,5,8.6138,724,marié,commerce,oui,1
51,409864,36659646,75,4.44,4,1.1926,491,marié,services,oui,0
59,378800,41978073,20,14.0,4,5.5409,538,célibataire,agriculture,oui,1
23,356172,36283612,87,11.65,0,1.1709,463,marié,industrie,oui,0
42,376628,11217207,37,7.82,0,0.805,539,marié,btp,oui,0
54,82154,16040627,80,4.9,4,2.4406,490,marié,commerce,non,0
33,263942,16669764,25,13.58,5,2.5263,642,marié,commerce,oui,0
43,314480,9884451,93,12.89,2,0.338,583,célibataire,agriculture,oui,0
65,415821,4688891,20,11.66,4,0.5638,506,célibataire,services,non,0
46,379923,9514653,53,6.26,0,0.4725,674,célibataire,commerce,oui,0
48,331173,14564147,76,7.83,3,0.5787,600,célibataire,agriculture,non,0
63,371345,21308635,26,4.23,1,2.207,390,célibataire,commerce,non,1
49,82265,38549943,47,5.27,5,9.9704,666,célibataire,commerce,non,1
37,415060,33384400,31,12.4,5,2.5946,593,célibataire,commerce,oui,0
36,293322,2863999,113,11.58,3,0.0864,714,divorcé,services,non,0
65,224944,43163528,19,10.12,3,10.0992,587,marié,agriculture,oui,1
24,96197,5290691,62,13.75,0,0.8871,495,marié,industrie,non,0
58,437877,28450196,42,10.0,4,1.547,554,marié,services,oui,0
28,498396,21503105,63,8.6,2,0.6848,655,célibataire,commerce,oui,0
42,204782,10352415,26,7.08,5,1.9444,497,marié,agriculture,oui,0
30,210558,17566318,87,14.29,5,0.9589,530,célibataire,industrie,oui,0
60,121907,43779777,74,3.99,3,4.853,552,marié,btp,non,1
39,441020,48615625,8,14.17,4,13.7793,460,célibataire,agriculture,non,1
25,252967,33821714,92,12.92,5,1.4533,499,divorcé,commerce,non,0
46,376579,11686361,95,4.56,2,0.3267,592,célibataire,agriculture,oui,0
35,352775,26756629,42,9.78,3,1.8059,695,célibataire,services,non,0
30,441182,32871979,93,13.4,2,0.8012,606,divorcé,agriculture,oui,0
47,282604,38498210,54,9.86,4,2.5227,570,célibataire,commerce,non,0
23,332247,28675911,24,13.89,5,3.5962,491,marié,services,non,1
41,114772,34314548,120,14.32,1,2.4915,684,marié,services,oui,0
49,176108,6586368,94,8.07,5,0.3979,618,marié,commerce,non,0
28,64382,28707970,90,7.53,4,4.9545,504,divorcé,commerce,oui,0
65,134291,45061177,17,14.24,5,19.7382,664,divorcé,services,oui,1
29,413339,12450831,66,11.1,5,0.4564,630,célibataire,agriculture,oui,0
56,184828,35312381,46,4.39,0,4.1534,493,marié,agriculture,oui,0
35,332753,34035574,38,3.51,5,2.6917,564,marié,industrie,non,0
38,197550,32886345,55,9.78,5,3.0267,525,marié,agriculture,oui,0
57,282050,14107851,73,14.16,2,0.6852,838,célibataire,services,oui,0
61,482882,11860589,111,13.13,1,0.2213,628,marié,btp,oui,0
25,387827,39592598,76,11.11,2,1.3433,593,divorcé,commerce,non,0
23,436858,29624900,91,4.67,2,0.7452,622,divorcé,commerce,non,0
27,180330,46177380,38,6.05,3,6.7387,712,célibataire,services,non,1
63,121315,28987589,86,13.51,0,2.7784,566,célibataire,industrie,non,1
25,389978,34442508,29,5.19,2,3.0455,516,célibataire,btp,oui,0
50,438349,16148245,66,6.34,4,0.5582,659,marié,services,oui,0
39,64153,49354843,66,4.56,4,11.6565,557,marié,agriculture,oui,1
47,126325,34023310,103,11.11,5,2.6149,468,marié,services,oui,0
65,290773,6040070,33,14.33,3,0.6295,448,célibataire,commerce,non,0
55,456215,27864435,63,6.23,0,0.9695,727,célibataire,commerce,oui,0
31,105318,6991878,48,8.7,0,1.3831,588,marié,agriculture,non,0
57,444030,31741029,46,10.61,5,1.554,516,divorcé,agriculture,oui,0
35,427177,49884592,44,14.99,4,2.654,551,marié,industrie,oui,0
52,126077,2460826,91,4.26,1,0.2145,655,célibataire,commerce,oui,0
36,402618,3344664,54,8.98,3,0.1538,545,marié,commerce,non,0
29,183515,36667707,22,7.62,5,9.0822,430,célibataire,commerce,non,1
35,256988,35432801,103,13.39,3,1.3386,607,divorcé,industrie,non,1
44,385463,2590212,75,8.71,4,0.0896,695,célibataire,services,oui,0
61,175885,39285284,115,4.33,4,1.9422,689,marié,commerce,non,0
42,421921,44685024,75,10.61,1,1.4121,519,célibataire,agriculture,oui,0
37,67368,34207431,103,12.25,1,4.9298,701,marié,commerce,oui,0
39,196400,21820139,70,3.03,0,1.5872,596,marié,btp,non,1
45,238014,25727191,79,13.31,3,1.3682,699,marié,services,oui,0
47,141751,26419139,90,5.23,3,2.0709,632,célibataire,commerce,non,0
46,280203,5100108,10,9.62,4,1.8201,422,célibataire,services,oui,0
62,339450,11893942,7,7.99,0,5.0056,749,célibataire,commerce,oui,0
50,220987,3354190,27,11.64,5,0.5622,580,marié,industrie,non,0
36,349363,1784382,117,7.45,3,0.0437,632,célibataire,commerce,oui,0
22,261951,7696042,62,13.44,0,0.4739,440,marié,agriculture,non,0
46,245716,37907753,71,11.77,0,2.1729,625,marié,agriculture,oui,0
28,110279,47730658,79,10.77,4,5.4787,685,marié,commerce,non,1
30,365172,19932053,103,12.55,0,0.5299,768,célibataire,btp,oui,0
45,416407,12372847,21,12.05,1,1.4149,715,marié,commerce,oui,0
22,50126,18319593,117,3.43,1,3.1237,630,célibataire,industrie,oui,0
65,364473,48936828,56,7.74,2,2.3976,420,marié,industrie,oui,0
29,77632,38631465,44,14.17,4,11.3096,588,marié,agriculture,non,1
45,246382,3757181,91,4.51,5,0.1676,515,célibataire,agriculture,oui,0
32,159945,22539912,81,11.85,2,1.7398,598,célibataire,agriculture,oui,0
38,367320,39208480,93,14.7,1,1.1478,453,marié,services,oui,0
29,300869,42416167,116,3.63,2,1.2153,553,marié,agriculture,oui,0
56,267138,33871818,45,11.19,4,2.8177,523,célibataire,commerce,non,1
56,225399,48102635,43,8.62,4,4.963,520,marié,commerce,non,1
54,184869,16186144,65,9.95,0,1.347,521,célibataire,services,oui,0
26,228954,11356760,64,4.02,3,0.775,561,célibataire,agriculture,non,0
63,194790,46850911,15,3.52,0,16.0347,603,divorcé,commerce,oui,1
60,84560,49330419,104,11.0,4,5.6094,325,marié,commerce,oui,1
62,388733,19220027,69,12.88,1,0.7166,337,marié,commerce,non,1
49,334260,23784856,120,12.38,5,0.593,541,célibataire,industrie,oui,0
28,479460,9205956,68,9.53,1,0.2824,555,marié,agriculture,non,0
30,182717,32946436,54,4.2,0,3.3391,593,célibataire,industrie,non,1
29,228595,10214891,69,11.26,5,0.6476,502,célibataire,services,oui,0
33,174085,25758148,37,5.9,4,3.999,575,marié,services,non,0
55,429862,2820688,12,13.93,1,0.5468,587,célibataire,services,non,0
54,331400,2305808,26,13.06,4,0.2676,501,marié,commerce,oui,0
44,150158,10209175,25,11.51,5,2.7196,676,marié,agriculture,non,0
45,234245,38274891,31,14.39,5,5.2709,592,célibataire,services,oui,0
58,218502,38590551,73,3.38,1,2.4194,629,célibataire,commerce,non,0
56,482498,31549883,115,11.83,4,0.5686,581,célibataire,services,non,0
65,431863,21292686,91,6.96,2,0.5418,785,célibataire,commerce,oui,0
61,380388,38709230,20,13.87,4,5.0881,634,marié,btp,oui,0
43,192766,48883877,109,6.2,5,2.3265,526,marié,services,non,0
48,368408,12166027,90,11.7,4,0.3669,657,célibataire,agriculture,oui,0
56,107545,37676570,84,13.53,0,4.1706,411,célibataire,commerce,oui,0
22,351368,11429084,91,3.5,2,0.3574,586,marié,industrie,oui,0
56,410089,13117619,97,7.77,3,0.3298,606,marié,industrie,oui,0
58,63224,18215057,19,12.15,0,15.1633,588,célibataire,commerce,oui,1
35,90738,10455661,32,8.46,3,3.6009,541,célibataire,industrie,oui,0
24,468366,44359585,110,6.21,1,0.861,473,marié,commerce,oui,0
22,375875,21209657,45,5.64,3,1.2539,496,célibataire,commerce,non,0
26,230760,35261500,63,4.58,4,2.4255,585,célibataire,industrie,oui,0
47,289690,26060098,33,13.29,3,2.726,463,marié,industrie,oui,0
35,189649,35441412,31,9.9,5,6.0284,752,marié,services,oui,0
60,58070,45299034,118,3.92,0,6.6108,310,marié,industrie,oui,1
48,176161,16202852,68,7.59,0,1.3526,542,marié,agriculture,oui,0
30,58666,41555392,71,7.41,3,9.9766,586,marié,industrie,oui,1
36,369905,31573264,30,5.18,0,2.8452,625,célibataire,commerce,oui,0
36,348512,28613586,8,8.23,5,10.2628,483,célibataire,agriculture,non,1
47,187855,44836333,77,6.99,0,3.0997,688,célibataire,agriculture,non,0
63,91914,3540267,49,7.1,3,0.7861,435,célibataire,commerce,non,0
34,251579,33649417,102,11.87,2,1.3113,518,marié,commerce,non,0
53,177738,29508147,47,5.68,2,3.5324,637,marié,commerce,non,0
60,296965,10185684,104,10.7,1,0.3298,679,divorcé,agriculture,oui,0
53,379670,48376337,11,9.85,0,11.5833,434,marié,commerce,non,1
25,488981,21717066,44,9.82,3,1.0094,839,célibataire,services,oui,0
51,332100,8036765,57,10.96,0,0.4246,485,célibataire,commerce,non,0
58,268967,46158328,28,9.58,4,6.129,443,marié,commerce,non,1
44,358384,19173436,94,13.55,5,0.5691,625,marié,services,oui,0
60,433152,37193176,55,11.11,0,1.5612,540,marié,industrie,oui,0
36,480364,9035078,48,9.56,0,0.3919,525,marié,industrie,oui,0
64,144270,7435774,24,12.96,2,2.1475,634,marié,commerce,non,0
50,316901,18644439,74,10.27,5,0.795,422,marié,services,non,0
57,69097,26720970,56,6.49,3,6.9057,404,célibataire,agriculture,non,1
34,191467,19705297,16,5.49,0,6.4323,515,marié,agriculture,oui,1
53,197313,46087883,17,4.83,2,13.7399,682,marié,commerce,non,1
28,416036,4773445,79,13.79,1,0.1452,519,célibataire,industrie,oui,0
43,208768,3684790,13,11.52,5,1.3577,734,marié,agriculture,non,0
49,296726,33634205,29,14.25,2,3.9087,695,célibataire,agriculture,oui,0
23,382624,47980620,97,10.24,2,1.2928,603,divorcé,agriculture,oui,0
63,96163,13029971,46,8.68,2,2.9456,608,célibataire,industrie,oui,0
27,69816,7181935,41,3.72,0,2.509,603,marié,services,non,0
49,493056,10463441,106,11.06,0,0.2002,590,célibataire,commerce,non,0
49,283619,7189142,90,9.99,1,0.2816,538,marié,services,oui,0
65,364997,26836263,77,14.88,4,0.9549,549,célibataire,commerce,oui,0
65,205989,5490961,60,5.87,4,0.4443,468,célibataire,services,non,0
41,146731,4146804,14,9.37,4,2.0187,353,marié,agriculture,oui,0
51,202638,1147296,52,10.81,5,0.1089,685,divorcé,industrie,non,0
32,256524,3622951,20,10.74,5,0.7062,590,célibataire,commerce,oui,0
49,112823,27344511,53,9.74,1,4.573,575,célibataire,services,oui,0
46,201878,1300101,115,12.32,5,0.056,614,marié,agriculture,non,0
60,256592,38155044,109,5.46,4,1.3642,492,marié,commerce,non,0
54,51759,44402446,87,11.71,4,9.8606,474,divorcé,commerce,oui,1
22,307164,23155061,47,10.44,2,1.6039,546,célibataire,commerce,oui,0
48,485165,23291342,65,13.75,5,0.7386,711,marié,agriculture,non,0
34,404518,22515777,89,13.17,0,0.6254,458,célibataire,industrie,oui,0
62,183554,23616992,75,6.78,0,1.7155,312,célibataire,agriculture,non,1
24,336586,43407958,17,6.31,2,7.5862,522,marié,services,oui,0
60,476935,42939798,7,14.78,2,12.8618,689,marié,industrie,oui,1
27,143501,31055353,12,9.33,2,18.0343,401,marié,services,non,1
29,314223,49346793,85,13.88,0,1.8476,456,célibataire,services,non,0
48,445933,8621757,8,4.97,4,2.4168,601,célibataire,services,oui,0
30,109676,42471665,114,10.71,2,3.3969,831,célibataire,commerce,non,0
58,471168,36887984,8,12.72,1,9.7863,439,divorcé,industrie,oui,1
54,267516,12320569,32,14.37,2,1.4392,435,célibataire,commerce,oui,0
63,223532,41430951,119,7.05,3,1.5575,608,célibataire,services,non,0
65,140397,22979150,112,11.7,2,1.4614,695,célibataire,services,non,0
45,122847,35331079,45,9.47,0,6.3912,512,marié,commerce,non,1
36,143607,12931216,107,3.73,5,0.8416,412,célibataire,commerce,oui,0
53,270178,16540922,38,11.28,2,1.6111,618,divorcé,commerce,oui,0
53,199521,39471207,97,11.28,5,2.0395,636,célibataire,industrie,oui,0
45,476752,9204813,6,14.17,3,3.2179,752,marié,btp,oui,0
62,114077,20421696,13,8.97,1,13.7705,640,célibataire,commerce,non,1
33,350402,29961504,106,5.76,5,0.8067,657,marié,services,oui,0
60,229374,14997054,37,3.53,4,1.7671,548,divorcé,btp,non,0
23,307009,11819247,53,7.99,2,0.7264,819,célibataire,agriculture,oui,0
24,472081,14413140,112,6.62,3,0.2726,535,divorcé,agriculture,oui,0
58,187717,46548559,106,12.13,3,2.3394,513,marié,services,oui,0
38,431915,46060900,9,7.25,5,11.8493,755,divorcé,industrie,oui,0
23,88000,21217501,99,14.39,1,2.4354,427,marié,industrie,oui,0
23,76737,7351803,75,14.55,0,1.2774,390,célibataire,commerce,non,0
49,323629,13545697,115,10.45,2,0.364,586,célibataire,agriculture,oui,0
44,350709,48620511,24,14.14,3,5.7765,574,célibataire,commerce,non,1
58,468738,6242533,37,12.13,1,0.3599,552,célibataire,agriculture,oui,0
53,431758,24601438,14,9.56,4,4.07,674,célibataire,commerce,non,0
54,377299,36681576,17,5.16,3,5.7189,484,célibataire,industrie,oui,0
22,236240,30838208,16,8.5,1,8.1586,581,célibataire,agriculture,non,1
40,102487,3325896,51,9.73,0,0.6363,538,marié,industrie,oui,0
23,442092,38991224,21,13.37,0,4.1999,485,célibataire,commerce,non,0
65,324486,49370063,6,8.78,3,25.3581,568,célibataire,services,non,1
47,352950,10927148,68,13.77,3,0.4553,660,marié,agriculture,oui,0
53,360914,5376872,114,11.09,5,0.1307,787,célibataire,commerce,oui,0
27,128623,19897196,26,4.64,2,5.9498,632,célibataire,agriculture,oui,0
53,415321,32435646,35,14.94,1,2.2314,323,célibataire,btp,non,0
25,443170,17998600,18,9.33,3,2.2563,571,divorcé,industrie,oui,0
32,387773,15599203,39,7.7,2,1.0315,579,marié,commerce,oui,0
38,433137,42962817,9,10.91,5,11.0211,668,célibataire,agriculture,oui,1
59,233675,16820131,33,4.31,2,2.1812,593,marié,btp,oui,0
45,439088,49219461,107,10.64,3,1.0476,700,marié,commerce,non,0
26,263046,3387698,100,8.98,0,0.1288,614,marié,agriculture,oui,0
55,155947,47619813,64,7.88,1,4.7712,730,marié,services,non,1
27,338543,46673665,32,14.44,1,4.3083,531,marié,btp,non,1
43,178177,12917420,74,9.27,0,0.9797,589,célibataire,agriculture,oui,0
32,266454,4531464,30,5.63,3,0.5669,657,célibataire,agriculture,non,0
37,159575,20667958,8,8.51,1,16.1898,517,marié,btp,oui,1
54,423048,41412236,102,14.03,3,0.9597,495,marié,agriculture,non,0
30,257606,23410282,73,5.11,5,1.2449,512,marié,agriculture,oui,0
27,498322,3387296,30,5.57,3,0.2266,500,marié,services,non,0
37,342822,47031927,25,3.16,2,5.4876,627,divorcé,industrie,oui,1
50,126218,36791014,39,3.17,0,7.474,391,célibataire,commerce,oui,0
24,113230,25233272,31,12.95,3,7.1887,419,marié,btp,oui,1
41,295756,1600500,10,11.79,5,0.5412,761,marié,services,oui,0
57,386199,22871392,104,7.26,4,0.5694,502,divorcé,agriculture,non,0
40,499589,30936427,66,11.38,0,0.9382,595,divorcé,btp,oui,0
47,212552,2461977,97,7.74,1,0.1194,426,marié,commerce,non,0
24,384402,24327142,98,14.43,2,0.6458,584,célibataire,commerce,oui,0
40,89986,4532654,14,14.6,1,3.5979,503,marié,services,non,1
41,205232,34718900,107,7.71,5,1.581,418,célibataire,commerce,oui,0
53,397739,23777458,55,13.25,5,1.0869,708,marié,agriculture,oui,0
28,151358,7478140,11,12.28,1,4.4915,693,divorcé,agriculture,oui,1
62,377073,48576248,88,6.72,0,1.4639,564,célibataire,commerce,non,0
54,123506,12248768,65,5.78,1,1.5258,674,marié,industrie,oui,0
61,84911,14111312,49,8.5,3,3.3916,765,célibataire,services,non,0
60,399271,30218818,16,12.38,1,4.7303,650,célibataire,btp,non,1
39,475037,37091531,71,14.52,2,1.0997,622,célibataire,commerce,oui,0
61,256111,46438649,52,12.16,2,3.487,594,marié,commerce,non,1
22,425597,38882858,113,13.26,4,0.8085,639,divorcé,agriculture,oui,0
32,134458,42155138,113,10.24,2,2.7745,538,divorcé,agriculture,oui,1
49,62175,8879341,78,13.02,1,1.8309,547,célibataire,commerce,non,0
46,431379,43945065,90,12.41,2,1.1319,620,marié,industrie,non,0
44,366915,40633569,93,7.52,0,1.1908,527,marié,btp,non,0
52,439301,45034701,103,9.62,2,0.9953,538,célibataire,btp,oui,0
51,171300,2412584,91,12.66,3,0.1548,575,célibataire,agriculture,oui,0
63,136925,21054754,8,3.55,0,19.2211,690,célibataire,industrie,oui,1
56,294446,48232820,81,12.7,4,2.0223,461,divorcé,commerce,non,0
28,116358,17502265,97,5.13,3,1.5507,650,marié,agriculture,oui,0
37,460543,15346767,35,9.18,1,0.9521,654,marié,industrie,non,0
47,97057,15177441,95,12.7,1,1.6461,653,célibataire,services,oui,0
23,318294,45304549,117,6.05,1,1.2165,494,marié,agriculture,oui,0
22,316569,34801851,26,5.95,3,4.2282,405,célibataire,commerce,oui,0
33,304726,43522964,33,7.83,3,4.3281,630,célibataire,commerce,oui,1
26,328176,5938684,95,13.74,3,0.1905,593,marié,services,oui,0
58,52198,22815019,67,3.01,0,6.5237,675,célibataire,commerce,non,1
53,234466,36435364,38,13.82,5,4.0894,504,marié,btp,non,0
30,463295,35709185,90,4.85,0,0.8564,651,célibataire,agriculture,oui,0
62,217292,47739471,40,14.88,1,5.4925,680,marié,commerce,oui,1
56,485090,9293380,57,14.46,5,0.3361,565,célibataire,commerce,oui,0
40,194931,10604107,39,8.94,2,1.3949,616,marié,commerce,non,0
37,493676,34625539,46,9.15,1,1.5247,613,célibataire,commerce,oui,0
24,212491,16564554,56,8.78,4,1.392,492,célibataire,services,non,0
41,431009,11405942,52,10.63,0,0.5089,628,divorcé,industrie,oui,0
45,451921,2586213,87,4.09,3,0.0658,737,célibataire,btp,oui,0
54,486096,10802330,63,3.39,0,0.3527,577,marié,industrie,non,0
45,310910,24591050,80,3.69,3,0.9887,428,divorcé,industrie,oui,0
32,73236,11699468,62,8.33,5,2.5766,506,célibataire,services,oui,0
29,137955,42991924,28,6.31,4,11.1299,397,célibataire,industrie,oui,1
57,266586,36053686,53,10.46,5,2.5517,704,marié,commerce,oui,0
59,153145,39099274,27,14.91,4,9.4559,651,divorcé,commerce,oui,1
61,196430,32982294,22,7.64,0,7.6322,524,divorcé,commerce,non,1
41,280785,26653295,74,9.89,3,1.2828,433,marié,commerce,non,0
56,144914,29919310,113,7.99,5,1.8271,491,marié,commerce,oui,0
46,415014,38210964,16,13.17,4,5.7545,511,célibataire,btp,non,1
56,257990,32306587,99,13.83,1,1.2649,585,divorcé,commerce,oui,0
46,428387,7092910,20,13.53,1,0.8279,582,divorcé,agriculture,oui,0
50,64596,39615544,96,14.69,5,6.3884,709,célibataire,commerce,oui,1
39,476788,22660074,40,3.33,3,1.1882,505,célibataire,agriculture,oui,0
39,182351,22294866,38,13.08,5,3.2175,424,célibataire,agriculture,oui,0
23,244269,41964131,89,12.02,0,1.9303,459,célibataire,agriculture,non,1
56,423640,45310380,21,5.74,4,5.0931,572,marié,commerce,oui,1
37,442417,34312949,39,14.48,0,1.9887,502,célibataire,commerce,oui,0
62,188155,30815282,71,4.78,1,2.3067,545,célibataire,industrie,oui,0
57,170674,33445953,104,11.15,4,1.8843,529,célibataire,services,non,1
54,432451,43800173,45,5.7,5,2.2507,674,divorcé,commerce,non,0
25,307529,6928540,33,8.18,0,0.6827,516,marié,commerce,oui,0
54,290469,34759907,52,11.63,2,2.3013,537,célibataire,commerce,oui,0
35,460987,29605135,44,9.76,3,1.4596,646,célibataire,industrie,oui,0
42,473191,32539284,75,8.13,3,0.9169,518,divorcé,agriculture,oui,0
41,488864,16060243,78,6.92,2,0.4212,617,marié,agriculture,oui,0
29,306713,45231930,25,13.08,1,5.8989,608,célibataire,industrie,oui,1
28,491501,33703868,6,4.73,4,11.4289,589,célibataire,commerce,oui,1
24,69063,26917902,77,8.16,3,5.0618,461,célibataire,agriculture,oui,1
38,117642,4838843,92,13.85,2,0.4471,697,célibataire,agriculture,oui,0
54,140093,34478658,68,13.15,5,3.6193,797,marié,btp,non,0
33,267215,12556199,72,7.81,2,0.6526,575,divorcé,industrie,non,0
43,480815,49897865,9,12.16,1,11.5309,470,marié,services,oui,1
43,232992,4617923,63,12.88,1,0.3146,577,marié,commerce,oui,0
51,209601,40358177,30,13.67,0,6.4183,673,célibataire,commerce,oui,1
59,85954,30560464,52,9.53,3,6.8374,513,marié,btp,oui,1
59,77856,34753388,43,5.45,0,10.3809,562,marié,btp,non,1
29,52573,31849379,20,6.06,2,30.2906,609,célibataire,agriculture,oui,1
48,85367,46344569,68,6.55,4,7.9836,695,célibataire,industrie,non,1
48,287804,29946493,26,10.13,4,4.002,652,marié,agriculture,non,0
55,411752,40333034,104,3.39,1,0.9419,656,célibataire,agriculture,oui,0
42,372918,40197758,62,10.63,4,1.7386,532,célibataire,services,oui,0
51,73752,675211,58,7.37,4,0.1578,615,marié,commerce,oui,0
54,367173,41574249,51,6.54,4,2.2202,502,divorcé,btp,oui,0
49,198757,12981574,19,13.55,2,3.4376,659,marié,agriculture,oui,0
54,442426,41467052,105,8.52,4,0.8926,690,marié,commerce,oui,0
26,363837,25931622,81,4.14,5,0.8799,630,célibataire,btp,non,0
40,166739,21168329,22,12.92,4,5.7707,538,marié,btp,oui,0
25,368105,28686921,44,3.57,4,1.7712,554,marié,agriculture,oui,0
56,288009,49902807,14,11.72,0,12.3763,755,marié,commerce,non,1
38,306028,42598723,104,12.29,2,1.3384,539,célibataire,services,non,0
65,257980,11892083,82,7.23,1,0.5622,679,marié,agriculture,oui,0
49,306609,38785173,84,12.9,0,1.5059,608,marié,btp,non,0
51,438822,39659558,87,9.19,3,1.0388,541,célibataire,btp,oui,0
50,386676,14452821,120,8.56,2,0.3115,440,célibataire,agriculture,oui,0
27,394138,14894752,102,3.54,5,0.3705,596,célibataire,agriculture,oui,0
56,368277,47204300,11,6.48,2,11.6524,584,célibataire,agriculture,oui,1
62,373412,35509897,96,14.17,3,0.9906,755,marié,btp,non,0
58,481459,13081422,28,7.7,3,0.9704,488,célibataire,agriculture,non,0
45,238456,11598252,64,9.56,3,0.76,804,célibataire,commerce,non,0
50,81653,34266262,96,9.38,1,4.3714,612,marié,commerce,oui,0
52,207729,29228437,103,10.09,4,1.3661,612,célibataire,services,oui,0
56,483168,40041461,51,3.74,2,1.625,515,marié,agriculture,oui,0
54,465396,40571048,43,7.35,4,2.0273,606,célibataire,agriculture,oui,0
42,278504,38810408,19,11.68,4,7.3344,622,divorcé,btp,non,1
53,171829,26187822,105,5.41,5,1.4515,668,marié,btp,non,0
44,178377,7397673,77,5.44,3,0.5386,477,marié,industrie,oui,0
54,51622,12948727,67,3.12,1,3.7438,715,célibataire,agriculture,oui,1
24,98756,21023385,40,8.25,5,5.3221,611,marié,commerce,oui,1
39,90809,6502296,24,13.59,0,2.9835,635,célibataire,services,oui,1
46,66725,40864615,35,3.62,1,17.4981,552,célibataire,commerce,oui,1
63,242468,19052983,83,5.29,4,0.9467,482,célibataire,btp,oui,0
52,101226,42038255,89,6.72,1,4.6662,582,marié,services,oui,1
24,131182,42427728,118,11.78,3,2.7409,593,marié,agriculture,oui,0
61,79402,11218361,30,10.69,0,4.7095,436,marié,btp,oui,1
45,54263,24745082,45,7.99,3,10.1338,654,célibataire,btp,oui,1
53,277595,22771555,93,12.11,0,0.8821,674,célibataire,agriculture,non,0
43,227900,39932241,19,10.32,5,9.222,502,marié,commerce,oui,1
44,97924,43940658,31,13.75,4,14.4749,472,célibataire,commerce,non,1
23,386326,32386947,107,12.82,0,0.7835,544,marié,commerce,oui,0
48,274137,8502619,92,6.03,0,0.3371,577,célibataire,agriculture,oui,0
63,454880,49032681,27,6.26,0,3.9923,548,marié,services,oui,0
23,347881,8167857,53,4.5,1,0.443,568,marié,btp,oui,0
47,413476,4928690,88,7.04,5,0.1355,597,célibataire,commerce,non,0
38,401707,39493865,115,14.99,1,0.8549,438,célibataire,agriculture,oui,0
61,210445,9389782,56,7.87,4,0.7968,449,marié,services,non,0
54,217469,36936209,8,5.65,0,21.2307,302,marié,commerce,non,1
30,440719,4196176,47,12.15,5,0.2026,669,célibataire,industrie,oui,0
64,151371,11232002,24,9.51,5,3.0917,576,célibataire,commerce,oui,1
60,88709,42954123,78,4.8,2,6.2079,679,marié,agriculture,non,1
50,242192,15197697,33,7.57,4,1.9015,461,marié,agriculture,oui,0
63,200322,18289600,89,7.97,5,1.0259,577,célibataire,industrie,non,0
47,71172,18144180,50,12.05,0,5.0987,596,marié,commerce,oui,0
56,61555,8937712,76,3.25,0,1.9105,518,célibataire,industrie,oui,0
46,103276,28722101,83,6.23,5,3.3507,419,marié,agriculture,oui,0
45,107492,34918095,68,9.21,1,4.7771,749,célibataire,commerce,oui,0
34,234074,6283182,78,6.23,4,0.3441,714,divorcé,commerce,non,0
28,306010,49875650,24,10.54,0,6.7911,536,marié,btp,oui,1
57,401743,13647590,52,8.78,5,0.6533,626,marié,btp,non,0
41,272320,30065896,19,7.34,0,5.8109,526,marié,agriculture,oui,1
22,467978,1706861,43,14.39,5,0.0848,475,divorcé,commerce,oui,0
29,61046,30631276,58,10.59,4,8.6513,757,marié,agriculture,oui,1
37,278071,3619612,66,4.56,5,0.1972,409,marié,commerce,oui,0
35,428165,5436600,41,9.72,2,0.3097,546,marié,commerce,oui,0
33,471985,15148065,45,12.37,5,0.7132,583,marié,btp,oui,0
44,234374,38790751,86,11.5,5,1.9245,740,marié,btp,non,0
36,466366,49633346,35,5.07,4,3.0407,664,célibataire,commerce,oui,0
49,316997,14660134,14,14.67,5,3.3034,407,marié,commerce,oui,0
55,170900,33333108,69,8.39,4,2.8267,574,célibataire,industrie,non,1
23,465008,17534897,38,4.91,2,0.9923,577,divorcé,industrie,non,0
53,109129,22906697,57,5.16,4,3.6825,552,célibataire,agriculture,oui,0
44,287091,27664021,94,4.18,0,1.0251,636,divorcé,commerce,oui,0
43,255550,36109212,19,12.64,4,7.4368,434,marié,commerce,non,0
46,294883,25268424,80,4.46,2,1.0711,534,marié,agriculture,oui,0
43,164130,21700624,58,4.5,3,2.2796,622,marié,agriculture,oui,0
43,475203,1342186,104,13.21,5,0.0272,642,célibataire,agriculture,oui,0
63,196922,30053638,110,7.14,4,1.3874,589,célibataire,services,non,0
27,455328,15078363,64,3.37,5,0.5174,546,célibataire,commerce,oui,0
36,171789,27159117,83,3.62,1,1.9048,563,marié,agriculture,non,0
64,205130,44994354,99,4.71,0,2.2156,649,célibataire,agriculture,oui,0
58,226492,41170787,46,5.56,0,3.9516,578,marié,industrie,non,0
54,88890,24503801,73,10.98,1,3.7762,470,célibataire,industrie,oui,1
29,116017,39593349,73,4.89,1,4.675,451,célibataire,commerce,oui,1
65,228376,1624905,97,4.43,4,0.0734,426,célibataire,commerce,non,0
65,213993,37160390,13,12.18,1,13.3579,720,divorcé,btp,oui,0
26,182596,30555020,7,11.05,3,23.9052,655,marié,agriculture,oui,1
60,150424,6059277,110,8.22,5,0.3662,564,célibataire,agriculture,oui,0
25,327192,32855047,115,9.59,5,0.8732,529,marié,commerce,oui,0
27,478327,20535300,91,6.74,2,0.4718,517,célibataire,agriculture,oui,0
53,218976,15815296,46,8.79,1,1.5701,684,divorcé,commerce,non,0
51,367056,9093059,60,9.08,1,0.4129,765,marié,btp,oui,0
56,84008,19257506,21,7.65,3,10.9159,514,célibataire,services,oui,1
61,443276,45867368,98,13.88,0,1.0559,688,marié,commerce,oui,0
37,255738,47192999,67,3.19,0,2.7543,577,célibataire,btp,non,0
34,133559,33060480,118,12.39,5,2.0978,553,divorcé,agriculture,non,0
63,105337,34457754,53,4.49,5,6.1721,725,célibataire,agriculture,oui,1
51,422760,48802504,35,12.57,4,3.2982,573,marié,services,oui,0
40,325494,33918214,17,10.39,3,6.1297,604,célibataire,services,non,1
38,74354,30237667,40,13.12,2,10.1668,599,marié,agriculture,oui,1
40,95186,21588012,16,4.17,2,14.1749,412,marié,commerce,non,1
49,78145,15252304,69,9.71,3,2.8287,603,marié,services,non,0
47,477236,16555099,115,9.01,2,0.3016,518,marié,services,non,0
58,136123,22458273,55,11.47,0,2.9997,432,marié,services,oui,0
47,256258,15452964,90,9.41,2,0.67,523,célibataire,commerce,non,0
44,266541,32418507,26,9.49,2,4.678,522,célibataire,agriculture,non,1
30,70581,38132148,74,8.16,3,7.3008,677,célibataire,commerce,oui,1
33,138929,24218663,53,6.71,3,3.2891,468,divorcé,agriculture,oui,1
22,335195,22314501,25,8.79,2,2.6629,496,célibataire,btp,oui,0
22,101474,44533585,106,4.42,1,4.1403,598,marié,commerce,oui,0
55,141748,35963234,72,14.54,3,3.5238,442,marié,commerce,oui,0
53,175995,7834901,49,11.57,4,0.9085,509,célibataire,industrie,oui,0
46,295690,16535897,38,14.43,4,1.4717,408,célibataire,commerce,oui,1
61,381770,21446178,78,5.72,0,0.7202,667,célibataire,commerce,oui,0
22,319104,12632693,66,13.55,2,0.5998,544,célibataire,industrie,oui,0
37,478988,23967137,14,12.71,1,3.5741,573,célibataire,industrie,non,0
60,464736,42437622,73,11.13,0,1.2509,666,célibataire,services,non,0
26,230553,15431115,40,10.5,2,1.6733,502,marié,agriculture,oui,0
43,86408,24505377,86,6.8,3,3.2977,543,divorcé,services,oui,1
50,406150,15829893,103,12.8,4,0.3784,469,célibataire,industrie,oui,0
24,309568,47351280,93,9.02,5,1.6447,469,célibataire,agriculture,non,1
33,369278,48197698,101,3.85,1,1.2923,482,célibataire,agriculture,non,0
47,201563,38520566,70,6.75,5,2.7301,525,marié,industrie,non,0
37,182413,23884179,13,14.22,4,10.0719,536,marié,agriculture,oui,1
58,225695,10593205,50,13.21,5,0.9387,603,célibataire,industrie,non,0
43,140327,46208729,92,14.78,3,3.5793,485,célibataire,commerce,oui,0
50,443554,19828547,52,10.54,2,0.8597,606,marié,commerce,non,0
35,252503,37182180,45,5.97,3,3.2723,623,marié,agriculture,oui,0
49,193326,15222892,81,4.95,5,0.9721,528,célibataire,industrie,non,0
26,232932,43278076,59,5.24,3,3.1491,494,marié,commerce,oui,0
51,61344,11258430,81,3.24,4,2.2658,583,célibataire,commerce,non,1
26,444966,21278286,51,7.69,1,0.9376,554,célibataire,services,non,0
33,497972,20161007,52,5.3,3,0.7786,597,marié,services,oui,0
37,117957,14363529,20,7.94,4,6.0885,731,marié,btp,oui,1
47,155423,13069021,110,14.22,1,0.7644,581,célibataire,commerce,non,0
47,370197,3996605,24,8.17,2,0.4498,511,divorcé,commerce,oui,0
42,196968,40470870,31,13.54,5,6.628,485,célibataire,btp,oui,1
60,236833,26971311,57,10.27,2,1.998,489,marié,services,oui,0
57,243624,5811499,98,5.97,0,0.2434,428,marié,commerce,oui,0
54,301147,16913328,27,7.27,4,2.0801,668,marié,agriculture,oui,0
51,127454,17585839,109,4.01,1,1.2659,351,divorcé,industrie,oui,0
58,307594,37701803,26,7.0,3,4.7142,623,célibataire,commerce,oui,1
44,402744,26856226,56,11.13,2,1.1908,488,divorcé,services,oui,0
31,434876,23275439,43,3.87,1,1.2447,523,marié,commerce,non,0
26,471151,32825149,25,5.46,4,2.7868,485,marié,agriculture,non,1
57,87641,1647116,34,7.58,0,0.5528,719,célibataire,services,non,0
55,79711,45399606,56,14.78,2,10.1706,576,marié,agriculture,oui,1
52,382486,37827195,9,12.42,5,10.9887,654,marié,commerce,non,1
31,419040,23755666,60,11.8,1,0.9448,705,célibataire,commerce,oui,0
40,193254,19403669,76,4.39,5,1.3211,591,divorcé,commerce,oui,0
53,137833,35325732,97,12.37,1,2.6422,455,célibataire,services,non,0
22,368420,12548339,33,12.42,1,1.0321,552,célibataire,industrie,non,0
26,331685,22515847,9,10.21,4,7.5426,500,marié,industrie,non,1
25,406601,13276695,27,14.88,4,1.2094,524,marié,agriculture,non,0
37,94813,37896843,81,6.9,4,4.9346,565,marié,agriculture,oui,0
45,218270,40364640,50,14.3,3,3.6986,561,célibataire,commerce,oui,0
37,189892,23404980,72,13.98,1,1.7119,616,divorcé,btp,non,0
23,336214,30767797,91,3.14,2,1.0056,630,célibataire,industrie,oui,0
49,454338,47742193,113,8.4,5,0.9299,561,célibataire,industrie,oui,0
53,392703,29070055,71,14.73,4,1.0426,615,célibataire,commerce,non,0
48,254615,23136262,93,4.24,4,0.9771,520,marié,commerce,non,0
41,91786,23311423,39,9.57,5,6.5122,706,divorcé,commerce,oui,0
45,276006,12154304,96,14.75,5,0.4587,518,marié,agriculture,non,0
33,280876,29870827,60,9.67,1,1.7725,694,marié,agriculture,non,0
56,449953,3841861,110,5.28,4,0.0776,427,célibataire,btp,non,0
54,348206,13616915,6,9.99,5,6.5177,536,marié,agriculture,oui,1
54,497453,24636417,77,5.45,3,0.6432,541,marié,agriculture,oui,0
64,363715,3115804,92,9.24,3,0.0931,602,marié,agriculture,oui,0
58,337654,21589933,43,3.89,4,1.487,661,célibataire,btp,oui,0
33,331570,36036675,11,10.27,5,9.8805,450,marié,services,oui,0
24,87265,27357952,91,9.2,1,3.4451,464,marié,services,oui,0
22,461066,37468086,30,11.88,1,2.7088,434,marié,btp,oui,0
54,299321,3770209,87,10.57,1,0.1448,707,marié,commerce,non,0
61,116150,25881224,22,9.6,0,10.1284,604,célibataire,services,oui,1
31,137312,41378420,66,11.28,4,4.5658,466,marié,agriculture,non,1
64,139613,11545633,17,4.73,1,4.8646,530,célibataire,agriculture,non,0
65,387054,20601880,11,10.14,3,4.8389,693,marié,industrie,oui,1
50,364519,30252264,95,5.07,5,0.8736,547,marié,industrie,non,0
34,171826,42265312,32,14.11,2,7.6868,541,célibataire,commerce,oui,1
33,85435,37648490,13,3.82,2,33.8976,496,divorcé,commerce,oui,1
52,408587,27801043,88,8.16,1,0.7732,472,marié,commerce,non,1
23,260017,42172086,111,11.35,2,1.4612,693,célibataire,agriculture,oui,0
56,184055,21489593,70,8.5,2,1.6679,742,marié,agriculture,non,0
44,201734,29896163,62,4.11,0,2.3903,476,célibataire,agriculture,oui,1
38,335654,733782,98,9.64,3,0.0223,715,marié,commerce,non,0
47,259259,24183333,114,10.7,3,0.8182,526,marié,industrie,oui,0
29,222070,22086325,118,11.45,0,0.8429,628,divorcé,commerce,non,0
50,144071,33927797,104,7.48,0,2.2644,716,marié,agriculture,oui,0
47,318784,18003547,45,9.76,2,1.255,560,marié,commerce,non,0
31,356691,33463684,19,8.41,4,4.9377,542,marié,industrie,non,1
47,366764,2294291,40,11.06,5,0.1564,655,célibataire,agriculture,oui,0
55,196389,23630601,53,10.0,5,2.2703,464,marié,agriculture,non,0
62,165608,5452075,114,9.31,2,0.2888,689,marié,commerce,oui,0
28,319708,37953038,89,5.99,5,1.3338,589,célibataire,services,non,0
25,208417,28648272,61,3.02,0,2.2534,517,célibataire,services,oui,0
32,163824,30527817,54,5.09,3,3.4508,514,marié,industrie,non,1
50,304444,36932549,18,4.4,5,6.7395,436,marié,btp,non,1
57,129273,21758833,66,8.39,2,2.5503,521,célibataire,industrie,oui,0
46,387003,13170380,107,10.35,4,0.3181,548,célibataire,services,oui,0
42,261837,24651842,54,5.56,2,1.7435,468,célibataire,commerce,oui,1
57,160017,10931645,51,14.27,1,1.3395,570,marié,agriculture,non,0
31,173618,13274615,118,3.08,2,0.648,622,célibataire,btp,oui,0
58,495609,5787913,67,12.27,0,0.1743,553,marié,commerce,oui,0
30,175341,37787581,13,10.5,3,16.5776,641,célibataire,agriculture,non,1
45,341574,11976429,48,7.48,3,0.7305,494,marié,services,oui,0
56,256604,39371173,25,3.61,5,6.1373,675,célibataire,commerce,non,1
56,77788,3304802,102,10.53,0,0.4165,587,marié,services,oui,0
57,276577,38211695,95,7.63,1,1.4543,729,célibataire,services,oui,0
39,491759,38542630,44,14.24,0,1.7813,816,marié,commerce,non,0
60,457135,34018515,90,9.5,2,0.8269,527,célibataire,industrie,oui,0
53,381490,27279149,54,14.28,0,1.3242,532,marié,commerce,oui,0
45,408266,12501352,69,5.65,0,0.4438,550,marié,commerce,non,0
44,89974,43569838,67,11.71,1,7.2276,634,célibataire,commerce,oui,0
53,419453,31719362,111,10.41,2,0.6813,707,marié,services,non,0
58,66371,7584609,112,11.87,4,1.0203,509,marié,industrie,non,0
33,357228,32502177,59,5.58,4,1.5421,613,célibataire,commerce,oui,0
34,472845,21392578,110,10.98,3,0.4113,561,célibataire,services,oui,0
44,232256,10591985,14,8.98,5,3.2575,636,célibataire,agriculture,non,0
46,374060,18529773,93,11.91,0,0.5327,725,marié,btp,oui,0
56,123972,29964339,42,6.92,3,5.7548,550,marié,commerce,oui,1
62,243259,45775089,54,13.68,1,3.4847,408,célibataire,services,non,1
51,325128,1990687,46,4.01,4,0.1331,649,marié,agriculture,oui,0
38,345183,47125033,22,12.69,0,6.2055,491,marié,agriculture,non,1
41,135431,43366200,93,13.34,1,3.4431,560,divorcé,commerce,oui,0
46,395835,32818232,26,12.81,5,3.1888,653,marié,industrie,oui,0
43,370750,46045724,56,9.15,1,2.2178,604,divorcé,commerce,oui,1
34,453832,11836501,64,8.26,0,0.4075,564,marié,btp,non,0
40,414809,5772864,44,14.96,5,0.3163,517,célibataire,commerce,non,0
57,155373,4288963,60,5.75,1,0.4601,300,marié,commerce,non,0
33,231144,12040237,46,9.56,5,1.1324,644,marié,agriculture,oui,0
62,336718,33299055,44,11.05,0,2.2476,549,marié,industrie,oui,0
40,446646,5685773,18,11.41,0,0.7072,726,marié,agriculture,oui,0
33,300195,13228700,69,5.45,5,0.6387,614,marié,industrie,oui,0
30,193748,22109907,16,10.85,2,7.1323,520,marié,btp,oui,1
28,454032,11521186,115,12.82,3,0.2207,681,célibataire,btp,non,0
49,82733,35023048,24,3.6,1,17.6386,690,célibataire,commerce,oui,1
35,266752,25191736,16,13.94,1,5.9024,553,marié,services,non,1
52,52050,43693996,82,3.35,2,10.2373,694,marié,industrie,oui,1
40,159996,35544468,51,7.27,2,4.356,519,célibataire,agriculture,non,1
37,83933,24862375,50,3.19,2,5.9243,590,marié,services,oui,1
26,74951,41233588,6,3.93,4,91.6901,632,marié,agriculture,oui,1
56,82413,44252417,45,13.93,4,11.9324,653,célibataire,commerce,oui,1
33,215873,26731747,113,7.26,5,1.0958,637,célibataire,agriculture,oui,0
46,236691,44163896,24,8.1,4,7.7745,541,célibataire,agriculture,oui,0
42,476129,43407203,81,5.58,0,1.1255,684,divorcé,commerce,oui,0
57,424717,8404428,77,10.17,5,0.257,562,célibataire,commerce,oui,0
44,483816,11901147,77,10.14,1,0.3195,518,célibataire,services,non,0
37,238847,48168235,66,7.47,3,3.0556,519,marié,agriculture,non,0
60,271888,46124927,114,7.0,0,1.4881,768,célibataire,commerce,non,0
63,311044,2822523,17,13.62,1,0.5338,500,célibataire,agriculture,oui,0
60,271165,26879085,66,7.6,1,1.5019,704,célibataire,services,non,0
35,293662,5246771,117,8.92,5,0.1527,461,marié,services,oui,0
52,216472,9140145,38,6.4,2,1.1111,623,marié,services,oui,0
26,447710,33565406,50,12.44,2,1.4994,604,célibataire,services,oui,0
56,261760,1364645,95,7.77,0,0.0549,737,célibataire,commerce,oui,0
44,172744,1928127,108,9.16,2,0.1033,509,divorcé,industrie,oui,0
50,401575,9359690,97,6.04,1,0.2403,481,célibataire,commerce,oui,0
64,255763,44364317,74,14.85,2,2.344,563,célibataire,commerce,oui,0
32,93001,38309281,13,6.5,4,31.6864,741,célibataire,services,non,1
39,117364,41629019,30,12.25,2,11.8233,486,marié,agriculture,non,1
33,437132,23792566,96,8.13,1,0.567,316,marié,services,non,0
30,357172,49462002,51,5.47,5,2.7153,580,célibataire,services,non,0
31,288506,49723966,92,12.6,0,1.8734,669,marié,commerce,oui,0
65,278731,8836900,35,7.0,3,0.9058,473,célibataire,agriculture,non,0
38,480789,18892993,114,13.38,2,0.3447,659,célibataire,agriculture,non,0
59,181878,29170729,52,13.98,1,3.0844,471,marié,btp,oui,0
28,436487,37567096,92,13.32,3,0.9355,560,célibataire,services,oui,0
34,237710,48984993,54,3.42,3,3.8161,650,marié,agriculture,non,1
61,178301,1473181,52,12.45,4,0.1589,456,célibataire,commerce,oui,0
63,438439,45559850,89,7.94,3,1.1676,593,marié,services,non,0
30,210829,18768849,87,13.48,5,1.0233,696,célibataire,industrie,oui,0
48,84636,47339036,23,10.66,1,24.3185,622,marié,agriculture,oui,1
23,261169,43976894,71,13.0,1,2.3716,502,célibataire,agriculture,oui,0
26,229352,32863575,73,8.99,2,1.9629,726,marié,industrie,oui,0
50,336406,2561774,99,9.42,2,0.0769,640,célibataire,agriculture,non,0
58,392579,36844790,38,4.73,2,2.4698,388,marié,agriculture,non,1
59,243283,21137778,41,12.41,5,2.1192,661,célibataire,btp,oui,0
40,498058,7476610,87,8.03,3,0.1725,517,divorcé,services,oui,0
29,440727,6710715,106,9.0,3,0.1436,594,célibataire,commerce,non,0
22,295596,27988445,24,12.42,4,3.9452,675,célibataire,agriculture,non,1
43,481413,31835282,116,10.19,5,0.5701,520,marié,agriculture,oui,0
38,353988,25803302,33,5.41,2,2.2089,410,célibataire,agriculture,oui,0
28,376898,20520303,45,10.08,0,1.2099,725,célibataire,industrie,non,1
46,477373,18186927,89,7.89,4,0.4281,691,divorcé,commerce,non,0
25,389273,37766016,118,8.63,0,0.8222,566,divorcé,services,oui,0
57,352186,40967715,102,3.34,3,1.1404,660,célibataire,btp,oui,0
27,111665,35674147,81,5.52,4,3.9441,538,divorcé,commerce,non,1
52,296584,44070727,120,6.37,4,1.2383,584,marié,agriculture,non,0
40,166953,6814768,20,11.56,1,2.0409,560,célibataire,commerce,oui,0
65,208448,25601670,46,3.14,3,2.67,542,marié,btp,oui,0
60,236626,9315995,44,7.91,3,0.8948,610,marié,industrie,non,0
48,195271,40780883,7,14.09,5,29.8346,454,divorcé,agriculture,oui,1
31,168533,8564220,68,4.34,4,0.7473,549,célibataire,services,oui,0
47,494164,49533339,34,9.2,3,2.9481,606,marié,services,oui,0
40,123781,18821829,110,12.44,4,1.3823,758,célibataire,btp,oui,0
60,116262,18574854,79,14.31,5,2.0224,458,célibataire,agriculture,non,0
24,358744,24412113,71,11.96,5,0.9584,627,célibataire,commerce,oui,0
34,126898,25025886,56,11.65,1,3.5217,638,divorcé,industrie,non,0
49,199369,47073028,80,12.92,4,2.9514,387,marié,commerce,oui,1
41,80448,31090972,82,8.35,3,4.7131,616,marié,commerce,oui,1
49,338316,45538050,15,12.67,3,8.9735,663,marié,agriculture,oui,1
29,486090,36510502,19,3.1,4,3.9532,633,célibataire,commerce,non,0
62,57657,42932666,87,14.09,4,8.5589,566,célibataire,commerce,non,1
60,306689,34343291,56,8.32,4,1.9997,608,célibataire,btp,oui,0
22,468641,22026982,78,9.64,2,0.6026,591,célibataire,commerce,non,0
24,469901,16305013,44,6.06,3,0.7886,406,marié,commerce,non,0
34,424999,46444452,33,11.91,5,3.3116,594,marié,services,non,0
49,467794,47878941,8,3.92,3,12.7938,538,célibataire,agriculture,oui,1
46,209903,43037345,89,13.47,2,2.3038,504,célibataire,commerce,non,0
54,57906,38311773,75,12.94,4,8.8216,823,célibataire,services,oui,0
59,373557,15821333,32,5.59,1,1.3235,700,célibataire,industrie,oui,0
27,104028,39531525,7,12.71,4,54.2869,459,divorcé,services,non,1
65,319431,42647406,98,12.44,4,1.3624,609,marié,services,oui,0
53,345804,17779636,43,10.59,2,1.1957,720,marié,agriculture,oui,0
42,372648,44694441,8,7.48,3,14.9922,425,marié,btp,oui,1
37,240792,39583478,21,6.26,4,7.828,582,célibataire,agriculture,non,1
42,152979,9926807,99,5.78,3,0.6555,587,célibataire,industrie,non,0
32,84701,17938118,45,6.82,0,4.7063,447,marié,commerce,oui,1
58,133300,41616548,7,13.84,5,44.6003,612,marié,btp,non,1
57,291249,47746348,86,3.93,3,1.9062,686,célibataire,services,oui,0
56,198746,27035897,46,12.95,1,2.9572,725,marié,industrie,oui,0
40,133560,29819409,17,7.19,5,13.1333,550,marié,agriculture,non,1
41,292615,18963212,40,9.26,1,1.6202,825,marié,commerce,oui,0
39,467090,31096308,112,12.53,4,0.5944,369,divorcé,services,oui,0
62,93642,49274836,70,13.61,5,7.5172,610,marié,industrie,oui,1
35,377304,20523633,60,7.14,3,0.9066,433,marié,agriculture,non,0
36,329746,9591044,50,8.54,5,0.5817,584,célibataire,btp,oui,0
52,415464,28209612,84,7.97,4,0.8083,522,célibataire,industrie,non,0
22,138801,49390527,95,3.16,2,3.7457,625,célibataire,commerce,non,0
24,338075,15442371,106,6.55,1,0.4309,562,célibataire,industrie,oui,0
37,144377,2051330,90,8.51,4,0.1579,492,marié,commerce,non,0
44,341336,1471248,67,7.93,2,0.0643,498,marié,commerce,oui,0
32,358686,5157851,54,11.66,5,0.2663,768,célibataire,commerce,oui,0
33,439159,23972522,100,7.62,5,0.5459,619,marié,services,non,0
31,354664,5878750,30,8.87,4,0.5525,404,célibataire,services,non,0
53,376916,3107411,28,8.16,3,0.2944,630,célibataire,commerce,oui,0
37,362250,2193439,29,11.89,5,0.2088,555,célibataire,services,oui,0
29,131121,19108310,43,13.36,3,3.3891,575,célibataire,services,oui,0
59,75559,37491604,33,9.38,3,15.0361,656,célibataire,services,oui,1
33,417739,17104953,26,12.47,3,1.5749,693,marié,agriculture,oui,0
45,83742,9947933,59,6.56,0,2.0134,489,célibataire,industrie,oui,0
49,381813,40974307,112,9.5,2,0.9582,572,divorcé,commerce,non,0
29,202826,23200577,23,7.14,2,4.9733,520,célibataire,commerce,oui,1
49,185044,39596943,41,7.97,5,5.2192,634,célibataire,agriculture,oui,0
57,382975,13307931,104,11.79,5,0.3341,551,célibataire,commerce,non,0
47,162217,48112497,50,13.58,3,5.9319,577,marié,industrie,non,1
29,91873,31716359,78,4.46,0,4.4259,547,célibataire,commerce,oui,0
49,418676,4315144,58,10.62,3,0.1777,564,marié,services,oui,0
49,438411,20713468,107,9.99,0,0.4416,745,marié,agriculture,non,0
58,453119,17041107,35,4.42,3,1.0745,814,marié,commerce,oui,0
62,184092,1317052,65,5.54,1,0.1101,612,marié,btp,oui,0
57,353899,27651781,113,6.73,1,0.6915,565,célibataire,industrie,non,0
48,398100,8096585,103,5.0,4,0.1975,415,célibataire,agriculture,oui,0
38,136988,16677172,37,5.92,3,3.2903,498,célibataire,commerce,oui,1
30,95648,13802313,72,6.21,5,2.0042,562,marié,agriculture,oui,0
54,175991,6769324,72,7.03,2,0.5342,503,célibataire,commerce,oui,0
41,452732,35482512,33,11.99,4,2.375,514,célibataire,industrie,oui,0
34,427149,9990536,49,9.86,5,0.4773,732,divorcé,industrie,non,0
49,52396,36575711,84,14.83,1,8.3103,577,célibataire,agriculture,oui,1
50,134082,24781104,46,7.98,3,4.0178,586,marié,btp,oui,0
34,462345,10988951,68,12.05,4,0.3495,507,marié,services,oui,0
56,178322,12985000,28,13.46,3,2.6006,692,célibataire,commerce,non,0
27,182663,23397064,109,11.15,1,1.1751,553,célibataire,commerce,oui,0
39,61303,3226016,80,7.94,4,0.6578,522,célibataire,services,oui,0
26,211633,942939,53,12.04,1,0.0841,416,marié,services,non,0
46,383863,20560188,37,5.44,0,1.4476,568,marié,commerce,oui,0
23,299690,36766225,62,6.93,1,1.9787,519,marié,commerce,oui,0
31,309820,31322201,105,9.56,3,0.9628,743,divorcé,agriculture,oui,0
51,149616,13635871,38,9.9,2,2.3984,759,marié,industrie,oui,0
26,436309,48333019,29,3.27,1,3.8199,451,célibataire,commerce,oui,0
54,136231,36373556,44,14.34,5,6.0682,462,célibataire,agriculture,non,1
22,319458,48075798,39,11.36,2,3.8588,547,marié,industrie,oui,0
39,69623,13831233,61,8.95,0,3.2567,493,célibataire,btp,oui,1
53,248747,49243175,33,14.2,4,5.9989,596,célibataire,btp,oui,0
32,155228,19796186,42,8.27,4,3.0364,542,marié,commerce,oui,0
42,476346,35781840,12,14.77,2,6.2598,603,célibataire,agriculture,oui,0
47,232828,20078958,73,9.15,4,1.1814,676,divorcé,commerce,non,0
46,409768,18332891,42,4.37,1,1.0652,468,marié,agriculture,oui,0
43,207364,12452983,61,12.18,2,0.9845,674,célibataire,btp,non,0
48,423929,32538060,70,11.15,3,1.0965,502,divorcé,agriculture,oui,0
34,398350,41491186,70,12.28,1,1.488,789,célibataire,commerce,oui,0
54,119274,13637311,52,14.42,1,2.1988,737,célibataire,commerce,oui,0
55,183541,17251531,25,12.32,1,3.7597,563,célibataire,commerce,oui,1
62,103947,25295222,24,10.34,3,10.1395,478,célibataire,industrie,oui,1
56,203606,36374916,34,13.29,0,5.2545,459,marié,commerce,oui,0
22,244692,4605223,79,11.08,5,0.2382,662,célibataire,agriculture,non,0
42,98874,45266028,65,7.9,4,7.0433,571,célibataire,commerce,oui,1
27,99708,29584871,23,13.63,2,12.9007,667,célibataire,commerce,oui,1
49,124553,29134616,97,5.66,0,2.4115,795,marié,agriculture,oui,0
38,118344,12463776,40,11.58,2,2.633,497,marié,services,oui,0
26,361282,41664396,48,13.58,4,2.4026,451,célibataire,services,oui,0
52,235374,23072466,116,11.78,3,0.845,594,célibataire,services,oui,0
26,97638,38109879,100,11.37,1,3.9032,689,célibataire,btp,oui,0
59,128249,19057968,96,12.03,1,1.5479,480,célibataire,btp,non,0
24,418009,15001508,16,8.58,3,2.243,578,marié,btp,non,0
44,52719,37347763,54,13.49,0,13.1191,712,marié,agriculture,oui,1
58,203962,13957684,118,5.44,0,0.5799,411,célibataire,agriculture,oui,0
58,479725,41308249,43,4.53,2,2.0025,598,célibataire,commerce,non,0
31,92534,38389950,69,6.43,3,6.0127,520,célibataire,industrie,oui,1
31,142241,31481347,74,9.38,0,2.9909,587,marié,btp,oui,0
40,462003,26068906,13,9.13,3,4.3404,645,célibataire,industrie,oui,1
38,176209,9089747,39,12.85,4,1.3227,597,divorcé,agriculture,oui,0
42,492061,39277230,53,7.85,1,1.5061,473,marié,btp,oui,0
35,239004,21181938,61,8.81,1,1.4529,524,célibataire,commerce,oui,1
30,142124,22492838,81,3.16,1,1.9539,717,marié,agriculture,oui,0
22,141659,11635474,107,7.92,3,0.7676,607,divorcé,commerce,oui,0
34,214134,48137042,70,10.77,3,3.2114,659,marié,agriculture,non,1
25,125713,10096394,36,3.19,2,2.2309,600,célibataire,commerce,oui,0
22,268335,25758425,9,6.37,1,10.6659,655,célibataire,commerce,oui,1
61,125418,20452900,118,5.5,2,1.382,535,marié,commerce,oui,0
53,178232,12272676,114,3.5,1,0.604,498,marié,services,non,0
55,478048,17906301,55,8.75,2,0.681,651,marié,industrie,non,0
49,213038,10848533,74,5.18,2,0.6881,687,marié,services,non,0
52,456203,27183911,35,11.92,4,1.7025,483,marié,commerce,oui,0
29,218383,10901929,93,13.18,2,0.5368,517,divorcé,industrie,non,0
60,343719,23349061,64,9.55,3,1.0614,558,célibataire,btp,non,0
47,375996,19795854,72,14.78,2,0.7312,736,marié,agriculture,oui,0
55,308722,17880319,80,8.41,1,0.724,631,marié,commerce,oui,0
24,182079,36044400,50,9.16,2,3.9592,442,marié,commerce,oui,0
33,252053,5803943,9,14.87,0,2.5585,565,marié,agriculture,non,1
22,126242,15953951,31,5.78,5,4.0766,550,célibataire,services,oui,0
65,228589,39551623,32,14.31,1,5.407,457,marié,industrie,oui,0
26,79257,31599208,51,3.51,0,7.8175,564,marié,agriculture,non,1
51,485423,30305505,112,8.36,1,0.5574,545,célibataire,industrie,non,0
51,194353,48175854,69,3.84,3,3.5924,538,marié,industrie,non,0
38,373390,11504849,96,11.75,5,0.321,534,célibataire,btp,non,0
44,313579,45286626,111,10.3,5,1.3011,722,célibataire,commerce,oui,0
36,279947,23750723,56,11.48,3,1.515,538,célibataire,btp,non,0
58,281758,24714909,55,7.49,5,1.5949,579,célibataire,commerce,oui,0
42,141357,46513251,11,7.43,3,29.9135,569,marié,services,non,1
35,207732,39192429,64,3.54,0,2.9479,524,marié,agriculture,oui,0
23,448300,29509512,20,7.2,4,3.2913,582,marié,agriculture,non,0
32,456723,14584264,35,14.15,1,0.9124,581,marié,services,non,0
60,253667,29282808,47,7.55,3,2.4561,582,célibataire,commerce,non,0
59,133807,41324950,106,12.98,1,2.9136,489,célibataire,commerce,oui,0
55,488755,46461405,42,13.11,0,2.2634,554,marié,agriculture,oui,0
59,428097,22789150,47,7.48,4,1.1326,651,célibataire,services,non,0
55,188563,42227753,106,10.58,0,2.1127,557,divorcé,agriculture,oui,0
39,308778,8399284,40,4.14,5,0.68,591,marié,industrie,non,0
51,231264,1503171,92,4.24,1,0.0707,591,marié,agriculture,oui,0
36,435941,24492154,11,3.58,4,5.1075,616,divorcé,agriculture,non,0
48,376032,48690951,73,9.97,5,1.7738,630,célibataire,commerce,oui,0
55,123609,20177953,23,8.11,4,7.0974,557,célibataire,commerce,non,1
59,321221,35424917,78,9.58,5,1.4139,483,marié,commerce,non,0
54,298512,7545900,118,9.25,0,0.2142,453,célibataire,commerce,oui,0
45,303973,18958292,34,7.2,3,1.8344,676,divorcé,btp,oui,0
36,333097,22589615,82,11.13,1,0.827,652,célibataire,services,oui,0
51,426826,31100479,64,12.1,2,1.1385,639,marié,agriculture,oui,0
63,380033,1481883,52,3.18,2,0.075,656,marié,commerce,oui,0
38,204893,2168321,22,5.49,0,0.481,558,marié,industrie,non,0
26,480783,13796138,114,11.56,1,0.2517,512,célibataire,commerce,oui,0
50,165374,44061742,101,7.64,1,2.638,476,célibataire,agriculture,oui,0
25,74860,6654512,117,10.95,0,0.7598,466,marié,industrie,oui,0
31,202267,27165895,27,7.16,1,4.9743,696,célibataire,services,oui,0
38,127475,21036721,73,7.69,3,2.2606,525,marié,services,oui,0
31,399410,25692630,74,4.9,0,0.8693,680,marié,agriculture,non,0
38,202499,5918952,42,6.1,3,0.6959,556,marié,agriculture,non,0
41,412876,4764423,110,10.26,1,0.1049,507,marié,services,oui,0
45,339227,44316762,54,8.2,0,2.4193,465,célibataire,agriculture,oui,0
26,268118,14316653,18,12.29,1,2.9665,516,marié,commerce,non,1
55,369516,8681883,39,13.23,0,0.6024,716,marié,commerce,oui,0
27,173786,15809784,114,9.5,1,0.798,466,célibataire,commerce,oui,0
23,487280,32427921,91,12.1,3,0.7313,786,divorcé,btp,oui,0
34,57813,24448053,58,6.68,3,7.2911,490,marié,industrie,oui,1
64,81598,35574035,92,7.98,1,4.7388,649,célibataire,services,non,1
64,307951,27634365,56,11.55,0,1.6024,560,célibataire,agriculture,non,0
32,143106,28170483,8,7.63,2,24.6063,542,divorcé,agriculture,oui,1
44,339226,18140619,47,10.06,3,1.1378,447,célibataire,commerce,oui,0
37,341385,43322943,103,5.22,3,1.2321,565,marié,agriculture,non,0
52,277286,22772887,37,10.2,5,2.2197,459,marié,btp,non,0
32,487785,35033268,114,13.34,2,0.63,406,célibataire,agriculture,non,0
37,61745,20500738,56,13.42,1,5.929,586,célibataire,commerce,non,1
29,338173,15304511,118,11.69,0,0.3835,511,marié,commerce,oui,0
25,194097,19494397,90,11.95,5,1.116,743,célibataire,services,non,0
61,282732,9068438,51,9.7,1,0.6289,675,marié,agriculture,non,0
25,435539,18833734,113,10.02,4,0.3827,744,célibataire,commerce,oui,0
46,195360,12372752,26,4.6,3,2.4359,506,marié,commerce,non,0
24,139186,36713515,49,8.33,4,5.3831,588,marié,industrie,oui,1
53,449756,10125105,16,8.41,3,1.407,312,célibataire,agriculture,oui,0
24,409912,48048564,108,14.5,3,1.0853,546,célibataire,btp,oui,0
48,263030,22154924,73,8.17,4,1.1538,584,célibataire,industrie,oui,0
50,249950,10435869,120,9.59,4,0.3479,590,célibataire,commerce,oui,0
53,91846,32345012,6,9.4,1,58.6943,570,marié,industrie,oui,1
40,388076,41934749,97,10.64,5,1.114,581,marié,agriculture,oui,0
42,198554,42335879,68,11.98,5,3.1356,303,célibataire,btp,oui,1
26,335555,47479309,29,5.7,4,4.8791,600,marié,commerce,oui,0
39,494191,46982054,104,9.34,1,0.9141,623,marié,commerce,oui,0
49,390941,37950390,18,12.91,5,5.393,708,célibataire,commerce,non,1
63,364451,30492671,116,8.56,1,0.7213,611,célibataire,agriculture,oui,0
43,446309,24353258,103,6.34,1,0.5298,561,divorcé,btp,oui,0
42,334186,32969247,16,10.86,3,6.166,685,marié,agriculture,non,1
27,102930,14189493,105,12.89,5,1.3129,339,marié,services,non,1
22,298656,1765898,56,3.76,5,0.1056,523,marié,commerce,non,0
26,487629,16418424,22,12.32,3,1.5305,498,célibataire,btp,oui,0
62,294459,36174971,104,12.86,4,1.1813,571,marié,agriculture,oui,0
33,274695,40001580,87,8.54,3,1.6738,355,marié,commerce,non,0
47,410027,37285617,109,14.8,5,0.8343,706,marié,commerce,oui,0
55,345900,29399868,91,12.44,5,0.934,550,célibataire,services,oui,0
35,103268,31552238,29,12.28,4,10.5358,606,célibataire,agriculture,oui,1
47,482430,23200314,24,11.97,3,2.0038,597,célibataire,agriculture,non,0
48,262943,45109118,42,4.81,0,4.0846,701,divorcé,agriculture,oui,0
30,308916,17762030,108,5.61,0,0.5324,388,célibataire,services,non,0
47,471818,25637138,90,8.57,4,0.6037,586,marié,agriculture,non,0
43,234403,43669174,13,6.17,3,14.3307,689,célibataire,services,oui,1
51,98901,31279669,33,7.98,3,9.584,565,célibataire,agriculture,non,1
64,412130,47689674,10,13.66,1,11.5715,479,marié,industrie,non,1
38,244488,35654340,22,12.89,5,6.6288,514,marié,btp,non,1
47,213268,39364224,106,10.56,2,1.7413,535,marié,commerce,oui,0
57,440530,36408279,41,13.3,4,2.0158,502,célibataire,commerce,non,0
22,317770,11518754,24,12.41,2,1.5104,559,marié,agriculture,oui,0
29,188496,3392478,69,8.15,2,0.2608,725,célibataire,agriculture,non,0
56,325001,11331890,96,5.41,4,0.3632,515,célibataire,commerce,oui,0
36,291531,47505718,103,9.17,3,1.5821,526,marié,services,oui,0
43,296693,6449852,16,11.83,4,1.3587,620,célibataire,commerce,non,0
35,463198,529725,59,8.24,2,0.0194,557,célibataire,btp,non,0
47,445196,48995982,50,11.0,5,2.2011,442,marié,commerce,oui,0
49,229362,9684536,52,4.13,5,0.812,568,marié,services,oui,0
44,76431,48266655,17,11.98,5,37.1474,565,marié,commerce,oui,1
35,397120,16913806,26,12.75,3,1.6381,672,célibataire,commerce,non,0
45,288360,20248999,16,11.48,0,4.3888,477,célibataire,commerce,non,1
23,394855,36717193,108,14.61,4,0.861,673,célibataire,commerce,non,0
47,76385,48463321,97,12.92,5,6.5408,565,divorcé,commerce,oui,1
35,481374,40578991,10,13.84,4,8.4298,464,marié,services,oui,1
28,466235,32012427,86,14.2,5,0.7984,444,marié,btp,non,0
24,330783,33621540,61,12.62,3,1.6663,768,célibataire,commerce,non,0
44,135530,28205858,25,11.09,0,8.3246,559,marié,agriculture,oui,1
64,280983,32432864,46,3.07,0,2.5093,668,célibataire,commerce,non,0
39,333707,23813511,51,8.59,5,1.3992,404,marié,commerce,oui,0
59,482557,28219138,17,9.85,3,3.4399,838,divorcé,agriculture,oui,0
56,427816,47183359,75,6.65,1,1.4705,664,divorcé,industrie,oui,0
36,448992,21186655,22,6.82,4,2.1449,549,marié,btp,oui,0
46,479660,14226569,120,14.53,4,0.2472,544,marié,btp,oui,0
58,451927,6127745,24,13.7,2,0.565,648,divorcé,agriculture,oui,0
49,255390,4411146,31,13.19,3,0.5572,642,marié,industrie,oui,0
31,395114,35761449,53,7.87,2,1.7077,593,célibataire,services,non,0
60,293373,34743988,113,3.16,5,1.048,576,marié,commerce,oui,0
38,397697,11745869,113,3.96,2,0.2614,631,célibataire,commerce,oui,0
60,211779,28891654,57,6.75,0,2.3934,400,marié,industrie,oui,0
43,220182,24565754,101,3.19,4,1.1047,537,marié,commerce,oui,0
47,242860,2753722,75,3.21,2,0.1512,410,marié,commerce,non,0
65,132879,2149729,60,14.0,0,0.2696,635,célibataire,commerce,oui,0
46,482043,1616271,105,11.47,3,0.0319,507,célibataire,services,non,0
38,288260,11416876,107,6.71,2,0.3702,417,marié,agriculture,non,0
34,448871,32478888,80,4.59,5,0.9045,495,marié,btp,oui,0
41,357003,32074515,38,9.14,5,2.3643,589,marié,services,oui,0
46,496841,37153987,67,3.06,5,1.1161,554,célibataire,services,oui,0
25,364242,22961013,93,14.26,4,0.6778,457,divorcé,agriculture,oui,0
31,196323,18958857,28,7.98,2,3.4489,404,divorcé,services,non,1
24,172413,47704953,20,7.83,3,13.8345,582,célibataire,agriculture,oui,1
62,312670,17943381,32,7.69,2,1.7934,516,célibataire,agriculture,oui,0
39,380904,20065579,80,3.83,4,0.6585,549,marié,commerce,oui,0
57,97837,49285616,69,10.66,0,7.3008,559,marié,commerce,oui,1
43,310550,47880429,120,11.8,4,1.2848,618,divorcé,services,oui,0
55,323680,21753537,119,11.11,5,0.5648,659,marié,agriculture,oui,0
29,78541,37764820,86,4.66,0,5.591,589,marié,commerce,oui,1
61,129083,37289624,56,9.95,5,5.1586,542,marié,agriculture,oui,1
65,494243,28433715,58,9.83,1,0.9919,577,célibataire,btp,non,0
40,84531,27406511,83,13.42,4,3.9062,541,célibataire,services,non,1
63,320856,35989522,96,7.55,4,1.1684,410,marié,services,oui,0
62,416245,37991702,87,7.46,3,1.0491,684,marié,commerce,oui,0
58,377599,7239013,97,10.42,2,0.1976,665,marié,agriculture,non,0
27,124744,7589975,56,10.6,0,1.0865,773,marié,btp,oui,0
47,302859,9305586,52,8.63,0,0.5909,803,célibataire,commerce,oui,0
55,179749,38873507,116,8.32,3,1.8644,457,marié,commerce,oui,0
27,317253,45064078,9,8.93,3,15.7827,541,célibataire,services,non,1
58,361412,48219804,12,13.33,2,11.1184,826,célibataire,agriculture,oui,0
54,281809,12268963,114,8.53,5,0.3819,570,marié,industrie,non,0
43,366759,14763315,40,14.28,2,1.0063,599,marié,commerce,non,0
42,132503,48585527,53,9.05,4,6.9184,422,divorcé,commerce,non,1
27,304346,4368452,78,14.39,5,0.184,590,célibataire,agriculture,non,0
27,472975,29671429,77,12.99,1,0.8147,768,marié,agriculture,oui,0
25,135708,27866868,50,7.35,2,4.1069,703,célibataire,industrie,oui,0
51,241184,8574037,86,13.36,3,0.4134,514,célibataire,services,non,0
32,152471,35367175,86,4.32,5,2.6972,535,marié,agriculture,non,0
51,304225,28406918,118,14.1,2,0.7913,461,marié,agriculture,oui,0
52,207661,14322356,102,10.58,0,0.6762,489,marié,services,non,0
45,211087,44370245,101,3.65,1,2.0812,383,célibataire,services,oui,0
30,210081,46177485,77,10.73,4,2.8546,566,marié,commerce,oui,0
24,395453,41062875,24,14.69,0,4.3266,726,célibataire,commerce,oui,0
52,438590,43781526,68,3.84,0,1.468,610,marié,agriculture,oui,0
61,243118,43920892,43,9.66,1,4.2013,711,célibataire,services,oui,0
58,418805,7803693,72,11.97,4,0.2588,682,célibataire,btp,oui,0
57,207215,20492066,64,12.72,3,1.5452,520,marié,agriculture,oui,0
45,56154,10608631,74,7.97,5,2.553,499,divorcé,services,oui,0
52,202876,45113348,18,5.45,4,12.3538,502,célibataire,commerce,oui,1
27,484904,8483439,52,3.51,2,0.3364,403,célibataire,commerce,non,0
23,114288,29227993,115,9.96,0,2.2238,578,marié,commerce,oui,0
41,101195,25964695,66,8.43,2,3.8876,300,célibataire,industrie,oui,1
49,332725,42322973,36,14.38,3,3.5334,634,célibataire,commerce,oui,0
32,495864,10046263,85,3.73,2,0.2384,582,célibataire,commerce,oui,0
25,342231,20226497,119,11.22,4,0.4967,622,célibataire,commerce,non,0
36,231002,24633277,101,3.3,2,1.0558,680,divorcé,agriculture,oui,0
27,214053,35349361,27,5.06,3,6.1164,594,marié,agriculture,non,1
51,119298,36559026,98,8.44,3,3.1271,738,marié,services,oui,0
59,358311,18520510,91,8.46,3,0.568,637,divorcé,agriculture,oui,0
23,256376,31886811,48,11.23,4,2.5911,499,marié,services,oui,0
36,486624,41766066,72,13.92,3,1.1921,551,célibataire,commerce,oui,0
32,89499,49851998,59,10.67,0,9.4409,348,célibataire,commerce,oui,1
29,437960,36469234,15,14.44,3,5.5514,484,célibataire,commerce,oui,1
47,495485,34497463,47,13.58,2,1.4814,536,célibataire,commerce,oui,0
65,219631,26756492,69,10.01,5,1.7656,629,divorcé,agriculture,oui,0
26,295198,16163645,26,13.01,2,2.106,499,marié,commerce,non,0
27,292997,20067589,85,10.71,5,0.8058,450,célibataire,services,oui,0
47,146347,29349268,81,3.94,2,2.4759,386,marié,services,oui,0
25,360931,32132286,71,11.89,4,1.2539,515,marié,commerce,oui,0
40,347632,7561183,46,4.14,2,0.4728,770,divorcé,commerce,oui,0
41,386585,20564274,29,10.13,4,1.8343,602,marié,agriculture,oui,0
54,255735,12092111,40,11.43,4,1.1821,668,marié,agriculture,non,0
41,72431,29824003,61,3.8,3,6.7501,484,marié,agriculture,non,1
33,373825,790998,35,5.77,0,0.0605,417,marié,industrie,oui,0
22,244555,5355920,62,13.99,5,0.3532,452,marié,agriculture,oui,0
47,172720,6867712,99,10.4,3,0.4016,565,célibataire,agriculture,oui,0
35,99153,45491633,52,5.96,3,8.8231,375,célibataire,commerce,non,1
59,318512,8497043,40,11.29,4,0.6669,474,marié,agriculture,oui,0
58,470640,681360,24,10.16,4,0.0603,516,célibataire,services,oui,0
32,424504,19721242,119,9.02,5,0.3904,442,célibataire,agriculture,oui,0
57,226076,19792635,13,14.71,2,6.7345,362,marié,agriculture,non,1
34,269724,6032410,31,11.2,2,0.7215,603,célibataire,services,oui,0
64,424899,4638286,118,7.51,3,0.0925,579,marié,commerce,oui,0
24,106985,48768283,109,12.6,1,4.182,652,marié,services,non,0
54,362213,11531669,76,13.61,1,0.4189,463,divorcé,services,oui,0
27,364470,8833100,35,4.5,2,0.6924,650,marié,commerce,non,0
31,158737,7393728,12,5.41,1,3.8815,727,célibataire,services,oui,0
26,262133,48506403,72,5.59,2,2.5701,601,marié,agriculture,non,1
44,204470,19404815,70,11.29,4,1.3558,514,marié,commerce,non,0
31,279465,27891022,41,10.24,3,2.4342,589,divorcé,commerce,oui,1
65,100861,38988026,30,10.43,0,12.8851,509,célibataire,commerce,non,1
23,388041,16197605,42,14.29,3,0.9939,492,célibataire,services,oui,0
34,262977,29497166,6,12.31,2,18.6944,643,divorcé,industrie,non,1
61,177118,38437226,20,4.54,2,10.8507,561,célibataire,btp,oui,1
23,380721,24600710,42,7.17,3,1.5385,695,marié,services,non,0
41,246713,40753576,18,8.22,5,9.177,530,célibataire,commerce,oui,1
22,59078,41922223,109,7.75,2,6.5102,540,célibataire,agriculture,non,1
58,468219,13599507,13,11.03,1,2.2342,518,célibataire,commerce,oui,0
30,374912,12785500,10,13.7,1,3.4103,462,célibataire,commerce,non,1
38,101047,47301033,65,6.67,2,7.2017,656,marié,commerce,non,1
30,383770,27928913,78,9.62,2,0.933,793,divorcé,btp,oui,0
32,369804,39344162,6,12.47,5,17.732,536,célibataire,commerce,non,1
36,285458,45905132,41,7.99,1,3.9222,506,marié,commerce,non,1
45,493002,37293968,40,5.02,2,1.8912,500,célibataire,commerce,oui,0
59,445141,33507453,71,8.7,2,1.0602,507,marié,industrie,oui,0
56,265048,15841821,68,3.66,5,0.879,739,célibataire,services,oui,0
51,286293,36380565,109,14.31,5,1.1658,503,divorcé,services,oui,0
52,167832,32479500,28,3.9,3,6.9116,516,marié,commerce,oui,1
26,442550,44182501,14,8.26,5,7.1312,450,marié,industrie,oui,1
65,175150,11038832,39,9.36,0,1.616,604,marié,agriculture,oui,0
35,207087,33751322,51,14.82,1,3.1957,568,marié,industrie,oui,1
32,83320,8448140,83,4.99,3,1.2216,461,divorcé,commerce,oui,0
30,377025,6220626,9,4.37,0,1.8332,485,marié,commerce,non,0
55,140827,14154772,35,3.1,2,2.8718,728,divorcé,commerce,non,0
33,414359,40276146,100,4.87,2,0.972,578,marié,services,oui,0
56,469505,40429257,107,5.49,3,0.8048,585,célibataire,agriculture,non,0
56,309931,39060290,80,10.57,5,1.5754,585,marié,industrie,non,0
22,446605,33922637,104,5.64,2,0.7304,714,célibataire,commerce,non,0
61,468899,29668537,77,3.25,4,0.8217,470,marié,commerce,oui,0
43,456845,8721252,8,12.92,3,2.3863,535,marié,agriculture,oui,0
50,373694,37470303,19,7.39,0,5.2774,558,marié,commerce,non,1
29,74826,25274704,65,7.24,3,5.1966,402,célibataire,commerce,non,0
32,150734,22240617,82,6.63,1,1.7994,483,célibataire,commerce,non,0
62,207702,12929667,50,14.7,5,1.245,679,marié,services,non,0
58,279834,36921189,101,5.04,5,1.3063,651,divorcé,commerce,oui,0
35,227235,27002745,39,13.78,3,3.047,668,célibataire,btp,oui,0
51,148511,11136547,50,12.32,2,1.4998,516,célibataire,services,oui,0
56,323797,13243293,66,3.92,2,0.6197,528,marié,industrie,oui,0
42,209033,39967750,88,14.84,4,2.1728,396,marié,agriculture,non,1
58,131941,13987010,107,6.26,4,0.9907,668,célibataire,commerce,oui,0
26,255209,46706264,21,4.18,5,8.7148,684,célibataire,commerce,oui,1
40,345806,30690179,71,12.95,4,1.25,683,célibataire,services,non,0
35,148818,45190216,45,11.48,0,6.748,735,divorcé,industrie,oui,1
47,499662,11916757,22,10.41,4,1.0841,617,célibataire,agriculture,non,0
25,202360,28304333,39,4.87,0,3.5864,730,célibataire,agriculture,non,1
46,303627,4151387,111,8.74,4,0.1232,554,célibataire,industrie,oui,0
63,145081,27770507,21,12.37,5,9.1149,398,célibataire,agriculture,oui,1
46,86877,44970459,107,6.64,5,4.8377,661,marié,services,oui,0
39,423706,35766104,65,6.74,0,1.2987,394,célibataire,commerce,oui,0
61,458529,6405950,71,3.04,3,0.1968,592,célibataire,industrie,oui,0
29,261957,3712883,71,5.09,5,0.1996,670,marié,agriculture,oui,0
60,122715,3528631,95,13.5,3,0.3027,607,célibataire,agriculture,non,0
61,191398,14718200,18,8.3,2,4.2721,802,célibataire,services,oui,0
35,160091,15487811,61,14.81,0,1.586,378,marié,btp,non,0
53,182632,28236989,116,7.75,5,1.3329,566,marié,commerce,oui,0
59,391292,6923959,36,11.58,1,0.4915,576,divorcé,commerce,oui,0
54,133186,44221579,39,6.38,2,8.5136,440,marié,services,non,1
44,469961,4524733,44,7.37,3,0.2188,459,marié,btp,oui,0
36,212962,22136437,72,5.29,5,1.4437,490,célibataire,industrie,oui,0
54,201094,43857062,13,7.16,0,16.7763,465,marié,btp,non,1
46,435773,43395286,92,9.57,4,1.0824,564,marié,agriculture,non,0
38,495795,519675,83,14.9,1,0.0126,514,marié,agriculture,non,0
54,120316,25739821,60,10.97,3,3.5656,606,marié,services,oui,0
23,78380,26633385,32,5.39,2,10.6187,639,célibataire,industrie,oui,1
35,160198,27664495,98,3.54,0,1.7621,633,marié,commerce,non,0
61,314500,40865237,108,4.52,1,1.2031,533,marié,agriculture,non,0
61,120326,30615806,58,9.75,0,4.3869,603,divorcé,industrie,oui,1
